Model_A,Model_B,Mean_A,Mean_B,Median_A,Median_B,Std_A,Std_B,Wilcoxon_Stat,Raw_p,Corrected_p,Reject_Null,Better_Model,Significant_Winner
binrushed_fl_finetuned,binrushed_persite,0.7557125684558129,0.7046435630443145,0.8173043727874756,0.7282336354255676,0.19068984791562596,0.18146419278320602,297.0,0.0013426407861949485,0.3101500216110331,False,binrushed_fl_finetuned,None
binrushed_fl_finetuned,central,0.7557125684558129,0.7940522949306332,0.8173043727874756,0.8448238372802734,0.19068984791562596,0.2242433008058872,247.0,0.00016722716564743223,0.038629475264556845,True,central,central
binrushed_fl_finetuned,chaksu_fl_finetuned,0.7557125684558129,0.6755293061842724,0.8173043727874756,0.7522028684616089,0.19068984791562596,0.23350581527830647,78.0,2.3795152515049267e-09,5.496680230976381e-07,True,binrushed_fl_finetuned,binrushed_fl_finetuned
binrushed_fl_finetuned,chaksu_persite,0.7557125684558129,0.6553859532791741,0.8173043727874756,0.7323518395423889,0.19068984791562596,0.2443439720292385,44.0,5.261213686935662e-11,1.2153403616821379e-08,True,binrushed_fl_finetuned,binrushed_fl_finetuned
binrushed_fl_finetuned,drishti_fl_finetuned,0.7557125684558129,0.6759139950178108,0.8173043727874756,0.7053263783454895,0.19068984791562596,0.20850044352204744,108.0,3.486130850660629e-08,8.052962265026054e-06,True,binrushed_fl_finetuned,binrushed_fl_finetuned
binrushed_fl_finetuned,drishti_persite,0.7557125684558129,0.5460703746244615,0.8173043727874756,0.6152306199073792,0.19068984791562596,0.27171158872631307,31.0,8.43769498715119e-12,1.949107542031925e-09,True,binrushed_fl_finetuned,binrushed_fl_finetuned
binrushed_fl_finetuned,g1020_fl_finetuned,0.7557125684558129,0.7463570632496659,0.8173043727874756,0.8346475958824158,0.19068984791562596,0.23671737952258146,565.0,0.6429659677266777,1.0,False,binrushed_fl_finetuned,None
binrushed_fl_finetuned,g1020_persite,0.7557125684558129,0.7177636702449954,0.8173043727874756,0.753262996673584,0.19068984791562596,0.19148152649027186,355.0,0.00970598363425168,1.0,False,binrushed_fl_finetuned,None
binrushed_fl_finetuned,magrabi_fl_finetuned,0.7557125684558129,0.7391720662007526,0.8173043727874756,0.8085505366325378,0.19068984791562596,0.2088153320346939,372.0,0.016027738565448146,1.0,False,binrushed_fl_finetuned,None
binrushed_fl_finetuned,magrabi_persite,0.7557125684558129,0.7113934724914784,0.8173043727874756,0.7299122214317322,0.19068984791562596,0.17425351410522785,290.0,0.0010259586218275274,0.23699644164215883,False,binrushed_fl_finetuned,None
binrushed_fl_finetuned,messidor_fl_finetuned,0.7557125684558129,0.7279775081848612,0.8173043727874756,0.8040348291397095,0.19068984791562596,0.21693971552604288,293.0,0.001152311848784393,0.2661840370691948,False,binrushed_fl_finetuned,None
binrushed_fl_finetuned,messidor_persite,0.7557125684558129,0.7262235116593692,0.8173043727874756,0.7712478041648865,0.19068984791562596,0.19268325329503172,297.0,0.0013426407861949485,0.3101500216110331,False,binrushed_fl_finetuned,None
binrushed_fl_finetuned,origa_fl_finetuned,0.7557125684558129,0.686150597674506,0.8173043727874756,0.7749252915382385,0.19068984791562596,0.23877832260549428,148.0,6.822769940129092e-07,0.00015760598561698203,True,binrushed_fl_finetuned,binrushed_fl_finetuned
binrushed_fl_finetuned,origa_persite,0.7557125684558129,0.691372738656949,0.8173043727874756,0.7608796954154968,0.19068984791562596,0.22495073095609666,102.0,2.1141183026429644e-08,4.883613279105248e-06,True,binrushed_fl_finetuned,binrushed_fl_finetuned
binrushed_fl_finetuned,pipeline1,0.7557125684558129,0.7224163505799917,0.8173043727874756,0.8046557903289795,0.19068984791562596,0.22178384484988112,288.0,0.000948836474645276,0.21918122564305875,False,binrushed_fl_finetuned,None
binrushed_fl_finetuned,pipeline2,0.7557125684558129,0.7294930952544115,0.8173043727874756,0.7840564250946045,0.19068984791562596,0.20923927311763302,242.0,0.00013283084820514546,0.0306839259353886,True,binrushed_fl_finetuned,binrushed_fl_finetuned
binrushed_fl_finetuned,pipeline3,0.7557125684558129,0.7375614644617451,0.8173043727874756,0.808386504650116,0.19068984791562596,0.21162325043132557,356.0,0.010005901957622854,1.0,False,binrushed_fl_finetuned,None
binrushed_fl_finetuned,refuge_fl_finetuned,0.7557125684558129,0.7381302499953581,0.8173043727874756,0.806053638458252,0.19068984791562596,0.20429423697384666,352.0,0.008852824029862205,1.0,False,binrushed_fl_finetuned,None
binrushed_fl_finetuned,refuge_persite,0.7557125684558129,0.7227272132829744,0.8173043727874756,0.7787206172943115,0.19068984791562596,0.20426151984410845,208.0,2.460843699836346e-05,0.005684548946621959,True,binrushed_fl_finetuned,binrushed_fl_finetuned
binrushed_fl_finetuned,rimone_fl_finetuned,0.7557125684558129,0.8232712931170756,0.8173043727874756,0.8858442902565002,0.19068984791562596,0.17450173144765577,155.0,1.0872382176785322e-06,0.00025115202828374095,True,rimone_fl_finetuned,rimone_fl_finetuned
binrushed_fl_finetuned,rimone_persite,0.7557125684558129,0.8150403846283348,0.8173043727874756,0.8755049109458923,0.19068984791562596,0.18147869870678876,224.0,5.589757228818826e-05,0.012912339198571487,True,rimone_persite,rimone_persite
binrushed_persite,central,0.7046435630443145,0.7940522949306332,0.7282336354255676,0.8448238372802734,0.18146419278320602,0.2242433008058872,178.0,4.573050645717558e-06,0.0010563746991607559,True,central,central
binrushed_persite,chaksu_fl_finetuned,0.7046435630443145,0.6755293061842724,0.7282336354255676,0.7522028684616089,0.18146419278320602,0.23350581527830647,408.0,0.04170385423242351,1.0,False,binrushed_persite,None
binrushed_persite,chaksu_persite,0.7046435630443145,0.6553859532791741,0.7282336354255676,0.7323518395423889,0.18146419278320602,0.2443439720292385,382.0,0.021201178620888328,1.0,False,binrushed_persite,None
binrushed_persite,drishti_fl_finetuned,0.7046435630443145,0.6759139950178108,0.7282336354255676,0.7053263783454895,0.18146419278320602,0.20850044352204744,366.0,0.013478387291879557,1.0,False,binrushed_persite,None
binrushed_persite,drishti_persite,0.7046435630443145,0.5460703746244615,0.7282336354255676,0.6152306199073792,0.18146419278320602,0.27171158872631307,191.0,9.718502990807565e-06,0.0022449741908765475,True,binrushed_persite,binrushed_persite
binrushed_persite,g1020_fl_finetuned,0.7046435630443145,0.7463570632496659,0.7282336354255676,0.8346475958824158,0.18146419278320602,0.23671737952258146,244.0,0.0001457221137037834,0.03366180826557397,True,g1020_fl_finetuned,g1020_fl_finetuned
binrushed_persite,g1020_persite,0.7046435630443145,0.7177636702449954,0.7282336354255676,0.753262996673584,0.18146419278320602,0.19148152649027186,448.0,0.10318385616753645,1.0,False,g1020_persite,None
binrushed_persite,magrabi_fl_finetuned,0.7046435630443145,0.7391720662007526,0.7282336354255676,0.8085505366325378,0.18146419278320602,0.2088153320346939,530.0,0.4180330369609422,1.0,False,magrabi_fl_finetuned,None
binrushed_persite,magrabi_persite,0.7046435630443145,0.7113934724914784,0.7282336354255676,0.7299122214317322,0.18146419278320602,0.17425351410522785,582.0,0.76740362427525,1.0,False,magrabi_persite,None
binrushed_persite,messidor_fl_finetuned,0.7046435630443145,0.7279775081848612,0.7282336354255676,0.8040348291397095,0.18146419278320602,0.21693971552604288,546.0,0.5148117870350184,1.0,False,messidor_fl_finetuned,None
binrushed_persite,messidor_persite,0.7046435630443145,0.7262235116593692,0.7282336354255676,0.7712478041648865,0.18146419278320602,0.19268325329503172,477.0,0.18093330554214404,1.0,False,messidor_persite,None
binrushed_persite,origa_fl_finetuned,0.7046435630443145,0.686150597674506,0.7282336354255676,0.7749252915382385,0.18146419278320602,0.23877832260549428,441.0,0.08905527743770847,1.0,False,binrushed_persite,None
binrushed_persite,origa_persite,0.7046435630443145,0.691372738656949,0.7282336354255676,0.7608796954154968,0.18146419278320602,0.22495073095609666,471.0,0.16209711793797155,1.0,False,binrushed_persite,None
binrushed_persite,pipeline1,0.7046435630443145,0.7224163505799917,0.7282336354255676,0.8046557903289795,0.18146419278320602,0.22178384484988112,599.0,0.8980376443320921,1.0,False,pipeline1,None
binrushed_persite,pipeline2,0.7046435630443145,0.7294930952544115,0.7282336354255676,0.7840564250946045,0.18146419278320602,0.20923927311763302,549.0,0.5341490024178306,1.0,False,pipeline2,None
binrushed_persite,pipeline3,0.7046435630443145,0.7375614644617451,0.7282336354255676,0.808386504650116,0.18146419278320602,0.21162325043132557,518.0,0.3529225223167778,1.0,False,pipeline3,None
binrushed_persite,refuge_fl_finetuned,0.7046435630443145,0.7381302499953581,0.7282336354255676,0.806053638458252,0.18146419278320602,0.20429423697384666,508.0,0.30377721953336945,1.0,False,refuge_fl_finetuned,None
binrushed_persite,refuge_persite,0.7046435630443145,0.7227272132829744,0.7282336354255676,0.7787206172943115,0.18146419278320602,0.20426151984410845,606.0,0.9528409629107735,1.0,False,refuge_persite,None
binrushed_persite,rimone_fl_finetuned,0.7046435630443145,0.8232712931170756,0.7282336354255676,0.8858442902565002,0.18146419278320602,0.17450173144765577,78.0,2.3795152515049267e-09,5.496680230976381e-07,True,rimone_fl_finetuned,rimone_fl_finetuned
binrushed_persite,rimone_persite,0.7046435630443145,0.8150403846283348,0.7282336354255676,0.8755049109458923,0.18146419278320602,0.18147869870678876,96.0,1.2605539723153925e-08,2.9118796760485566e-06,True,rimone_persite,rimone_persite
central,chaksu_fl_finetuned,0.7940522949306332,0.6755293061842724,0.8448238372802734,0.7522028684616089,0.2242433008058872,0.23350581527830647,160.0,1.5036543068447372e-06,0.0003473441448811343,True,central,central
central,chaksu_persite,0.7940522949306332,0.6553859532791741,0.8448238372802734,0.7323518395423889,0.2242433008058872,0.2443439720292385,153.0,9.530985529693226e-07,0.0002201657657359135,True,central,central
central,drishti_fl_finetuned,0.7940522949306332,0.6759139950178108,0.8448238372802734,0.7053263783454895,0.2242433008058872,0.20850044352204744,175.0,3.8210072403899176e-06,0.000882652672530071,True,central,central
central,drishti_persite,0.7940522949306332,0.5460703746244615,0.8448238372802734,0.6152306199073792,0.2242433008058872,0.27171158872631307,82.0,3.503970447127358e-09,8.094171732864197e-07,True,central,central
central,g1020_fl_finetuned,0.7940522949306332,0.7463570632496659,0.8448238372802734,0.8346475958824158,0.2242433008058872,0.23671737952258146,219.0,0.0002613792031553651,0.060378595928889334,False,central,None
central,g1020_persite,0.7940522949306332,0.7177636702449954,0.8448238372802734,0.753262996673584,0.2242433008058872,0.19148152649027186,166.0,2.198966985389461e-06,0.0005079613736249655,True,central,central
central,magrabi_fl_finetuned,0.7940522949306332,0.7391720662007526,0.8448238372802734,0.8085505366325378,0.2242433008058872,0.2088153320346939,235.0,9.55255321741788e-05,0.022066397932235304,True,central,central
central,magrabi_persite,0.7940522949306332,0.7113934724914784,0.8448238372802734,0.7299122214317322,0.2242433008058872,0.17425351410522785,176.0,4.057828299153243e-06,0.0009373583371043992,True,central,central
central,messidor_fl_finetuned,0.7940522949306332,0.7279775081848612,0.8448238372802734,0.8040348291397095,0.2242433008058872,0.21693971552604288,218.0,4.133498375580302e-05,0.009548381247590498,True,central,central
central,messidor_persite,0.7940522949306332,0.7262235116593692,0.8448238372802734,0.7712478041648865,0.2242433008058872,0.19268325329503172,209.0,2.5941689163033743e-05,0.005992530196660795,True,central,central
central,origa_fl_finetuned,0.7940522949306332,0.686150597674506,0.8448238372802734,0.7749252915382385,0.2242433008058872,0.23877832260549428,191.0,9.718502990807565e-06,0.0022449741908765475,True,central,central
central,origa_persite,0.7940522949306332,0.691372738656949,0.8448238372802734,0.7608796954154968,0.2242433008058872,0.22495073095609666,170.0,2.818216941591345e-06,0.0006510081135076007,True,central,central
central,pipeline1,0.7940522949306332,0.7224163505799917,0.8448238372802734,0.8046557903289795,0.2242433008058872,0.22178384484988112,221.0,4.810921605624685e-05,0.011113228908993023,True,central,central
central,pipeline2,0.7940522949306332,0.7294930952544115,0.8448238372802734,0.7840564250946045,0.2242433008058872,0.20923927311763302,183.0,6.1398203889950764e-06,0.0014182985098578627,True,central,central
central,pipeline3,0.7940522949306332,0.7375614644617451,0.8448238372802734,0.808386504650116,0.2242433008058872,0.21162325043132557,199.0,1.5164053490224205e-05,0.0035028963562417914,True,central,central
central,refuge_fl_finetuned,0.7940522949306332,0.7381302499953581,0.8448238372802734,0.806053638458252,0.2242433008058872,0.20429423697384666,193.0,1.087616788808532e-05,0.002512394782147709,True,central,central
central,refuge_persite,0.7940522949306332,0.7227272132829744,0.8448238372802734,0.7787206172943115,0.2242433008058872,0.20426151984410845,171.0,2.996636634833294e-06,0.0006922230626464909,True,central,central
central,rimone_fl_finetuned,0.7940522949306332,0.8232712931170756,0.8448238372802734,0.8858442902565002,0.2242433008058872,0.17450173144765577,480.0,0.19092828477869617,1.0,False,rimone_fl_finetuned,None
central,rimone_persite,0.7940522949306332,0.8150403846283348,0.8448238372802734,0.8755049109458923,0.2242433008058872,0.18147869870678876,556.0,0.5806243739629124,1.0,False,rimone_persite,None
chaksu_fl_finetuned,chaksu_persite,0.6755293061842724,0.6553859532791741,0.7522028684616089,0.7323518395423889,0.23350581527830647,0.2443439720292385,240.0,0.00012099615957339438,0.0279501128614541,True,chaksu_fl_finetuned,chaksu_fl_finetuned
chaksu_fl_finetuned,drishti_fl_finetuned,0.6755293061842724,0.6759139950178108,0.7522028684616089,0.7053263783454895,0.23350581527830647,0.20850044352204744,603.0,0.9293119985947342,1.0,False,drishti_fl_finetuned,None
chaksu_fl_finetuned,drishti_persite,0.6755293061842724,0.5460703746244615,0.7522028684616089,0.6152306199073792,0.23350581527830647,0.27171158872631307,47.0,7.72750752275897e-11,1.785054237757322e-08,True,chaksu_fl_finetuned,chaksu_fl_finetuned
chaksu_fl_finetuned,g1020_fl_finetuned,0.6755293061842724,0.7463570632496659,0.7522028684616089,0.8346475958824158,0.23350581527830647,0.23671737952258146,238.0,0.00011013889889355255,0.02544208564441064,True,g1020_fl_finetuned,g1020_fl_finetuned
chaksu_fl_finetuned,g1020_persite,0.6755293061842724,0.7177636702449954,0.7522028684616089,0.753262996673584,0.23350581527830647,0.19148152649027186,380.0,0.020065414176343666,1.0,False,g1020_persite,None
chaksu_fl_finetuned,magrabi_fl_finetuned,0.6755293061842724,0.7391720662007526,0.7522028684616089,0.8085505366325378,0.23350581527830647,0.2088153320346939,23.0,2.2737367544323206e-12,5.252331902738661e-10,True,magrabi_fl_finetuned,magrabi_fl_finetuned
chaksu_fl_finetuned,magrabi_persite,0.6755293061842724,0.7113934724914784,0.7522028684616089,0.7299122214317322,0.23350581527830647,0.17425351410522785,373.0,0.016490706021031087,1.0,False,magrabi_persite,None
chaksu_fl_finetuned,messidor_fl_finetuned,0.6755293061842724,0.7279775081848612,0.7522028684616089,0.8040348291397095,0.23350581527830647,0.21693971552604288,92.0,8.84062245631867e-09,2.0421837874096127e-06,True,messidor_fl_finetuned,messidor_fl_finetuned
chaksu_fl_finetuned,messidor_persite,0.6755293061842724,0.7262235116593692,0.7522028684616089,0.7712478041648865,0.23350581527830647,0.19268325329503172,254.0,0.00022921061609793014,0.05294765231862186,False,messidor_persite,None
chaksu_fl_finetuned,origa_fl_finetuned,0.6755293061842724,0.686150597674506,0.7522028684616089,0.7749252915382385,0.23350581527830647,0.23877832260549428,396.0,0.030792849170467207,1.0,False,origa_fl_finetuned,None
chaksu_fl_finetuned,origa_persite,0.6755293061842724,0.691372738656949,0.7522028684616089,0.7608796954154968,0.23350581527830647,0.22495073095609666,253.0,0.00021922518390837809,0.05064101748283534,False,origa_persite,None
chaksu_fl_finetuned,pipeline1,0.6755293061842724,0.7224163505799917,0.7522028684616089,0.8046557903289795,0.23350581527830647,0.22178384484988112,39.0,2.6943780540023e-11,6.224013304745313e-09,True,pipeline1,pipeline1
chaksu_fl_finetuned,pipeline2,0.6755293061842724,0.7294930952544115,0.7522028684616089,0.7840564250946045,0.23350581527830647,0.20923927311763302,71.0,1.1779945907619549e-09,2.721167504660116e-07,True,pipeline2,pipeline2
chaksu_fl_finetuned,pipeline3,0.6755293061842724,0.7375614644617451,0.7522028684616089,0.808386504650116,0.23350581527830647,0.21162325043132557,17.0,7.354117315117037e-13,1.6988010997920355e-10,True,pipeline3,pipeline3
chaksu_fl_finetuned,refuge_fl_finetuned,0.6755293061842724,0.7381302499953581,0.7522028684616089,0.806053638458252,0.23350581527830647,0.20429423697384666,117.0,7.168972970816867e-08,1.6560327562586963e-05,True,refuge_fl_finetuned,refuge_fl_finetuned
chaksu_fl_finetuned,refuge_persite,0.6755293061842724,0.7227272132829744,0.7522028684616089,0.7787206172943115,0.23350581527830647,0.20426151984410845,258.0,0.00027346385010673657,0.06317014937465615,False,refuge_persite,None
chaksu_fl_finetuned,rimone_fl_finetuned,0.6755293061842724,0.8232712931170756,0.7522028684616089,0.8858442902565002,0.23350581527830647,0.17450173144765577,79.0,2.6237607642087823e-09,6.060887365322287e-07,True,rimone_fl_finetuned,rimone_fl_finetuned
chaksu_fl_finetuned,rimone_persite,0.6755293061842724,0.8150403846283348,0.7522028684616089,0.8755049109458923,0.23350581527830647,0.18147869870678876,113.0,5.225188459689889e-08,1.2070185341883644e-05,True,rimone_persite,rimone_persite
chaksu_persite,drishti_fl_finetuned,0.6553859532791741,0.6759139950178108,0.7323518395423889,0.7053263783454895,0.2443439720292385,0.20850044352204744,405.0,0.03871301521026638,1.0,False,drishti_fl_finetuned,None
chaksu_persite,drishti_persite,0.6553859532791741,0.5460703746244615,0.7323518395423889,0.6152306199073792,0.2443439720292385,0.27171158872631307,88.0,6.147381270693586e-09,1.4200450735302184e-06,True,chaksu_persite,chaksu_persite
chaksu_persite,g1020_fl_finetuned,0.6553859532791741,0.7463570632496659,0.7323518395423889,0.8346475958824158,0.2443439720292385,0.23671737952258146,224.0,5.589757228818826e-05,0.012912339198571487,True,g1020_fl_finetuned,g1020_fl_finetuned
chaksu_persite,g1020_persite,0.6553859532791741,0.7177636702449954,0.7323518395423889,0.753262996673584,0.2443439720292385,0.19148152649027186,349.0,0.008066027261008912,1.0,False,g1020_persite,None
chaksu_persite,magrabi_fl_finetuned,0.6553859532791741,0.7391720662007526,0.7323518395423889,0.8085505366325378,0.2443439720292385,0.2088153320346939,26.0,3.7978509226377355e-12,8.773035631293169e-10,True,magrabi_fl_finetuned,magrabi_fl_finetuned
chaksu_persite,magrabi_persite,0.6553859532791741,0.7113934724914784,0.7323518395423889,0.7299122214317322,0.2443439720292385,0.17425351410522785,354.0,0.00941394555985653,1.0,False,magrabi_persite,None
chaksu_persite,messidor_fl_finetuned,0.6553859532791741,0.7279775081848612,0.7323518395423889,0.8040348291397095,0.2443439720292385,0.21693971552604288,75.0,1.7678445374258445e-09,4.0837208814537007e-07,True,messidor_fl_finetuned,messidor_fl_finetuned
chaksu_persite,messidor_persite,0.6553859532791741,0.7262235116593692,0.7323518395423889,0.7712478041648865,0.2443439720292385,0.19268325329503172,218.0,4.133498375580302e-05,0.009548381247590498,True,messidor_persite,messidor_persite
chaksu_persite,origa_fl_finetuned,0.6553859532791741,0.686150597674506,0.7323518395423889,0.7749252915382385,0.2443439720292385,0.23877832260549428,169.0,2.6497433829320016e-06,0.0006120907214572924,True,origa_fl_finetuned,origa_fl_finetuned
chaksu_persite,origa_persite,0.6553859532791741,0.691372738656949,0.7323518395423889,0.7608796954154968,0.2443439720292385,0.22495073095609666,131.0,2.0661705590896418e-07,4.7728539914970725e-05,True,origa_persite,origa_persite
chaksu_persite,pipeline1,0.6553859532791741,0.7224163505799917,0.7323518395423889,0.8046557903289795,0.2443439720292385,0.22178384484988112,39.0,2.6943780540023e-11,6.224013304745313e-09,True,pipeline1,pipeline1
chaksu_persite,pipeline2,0.6553859532791741,0.7294930952544115,0.7323518395423889,0.7840564250946045,0.2443439720292385,0.20923927311763302,54.0,1.814797201404872e-10,4.192181535245254e-08,True,pipeline2,pipeline2
chaksu_persite,pipeline3,0.6553859532791741,0.7375614644617451,0.7323518395423889,0.808386504650116,0.2443439720292385,0.21162325043132557,26.0,3.7978509226377355e-12,8.773035631293169e-10,True,pipeline3,pipeline3
chaksu_persite,refuge_fl_finetuned,0.6553859532791741,0.7381302499953581,0.7323518395423889,0.806053638458252,0.2443439720292385,0.20429423697384666,98.0,1.5006108355919423e-08,3.4664110302173867e-06,True,refuge_fl_finetuned,refuge_fl_finetuned
chaksu_persite,refuge_persite,0.6553859532791741,0.7227272132829744,0.7323518395423889,0.7787206172943115,0.2443439720292385,0.20426151984410845,184.0,6.507840275560284e-06,0.0015033111036544256,True,refuge_persite,refuge_persite
chaksu_persite,rimone_fl_finetuned,0.6553859532791741,0.8232712931170756,0.7323518395423889,0.8858442902565002,0.2443439720292385,0.17450173144765577,70.0,1.0623715240853926e-09,2.454078220637257e-07,True,rimone_fl_finetuned,rimone_fl_finetuned
chaksu_persite,rimone_persite,0.6553859532791741,0.8150403846283348,0.7323518395423889,0.8755049109458923,0.2443439720292385,0.18147869870678876,104.0,2.5022160343723954e-08,5.780119039400233e-06,True,rimone_persite,rimone_persite
drishti_fl_finetuned,drishti_persite,0.6759139950178108,0.5460703746244615,0.7053263783454895,0.6152306199073792,0.20850044352204744,0.27171158872631307,43.0,4.616040882865491e-11,1.0663054439419284e-08,True,drishti_fl_finetuned,drishti_fl_finetuned
drishti_fl_finetuned,g1020_fl_finetuned,0.6759139950178108,0.7463570632496659,0.7053263783454895,0.8346475958824158,0.20850044352204744,0.23671737952258146,241.0,0.00012678650674402547,0.029287683057869884,True,g1020_fl_finetuned,g1020_fl_finetuned
drishti_fl_finetuned,g1020_persite,0.6759139950178108,0.7177636702449954,0.7053263783454895,0.753262996673584,0.20850044352204744,0.19148152649027186,331.0,0.004509766689196226,1.0,False,g1020_persite,None
drishti_fl_finetuned,magrabi_fl_finetuned,0.6759139950178108,0.7391720662007526,0.7053263783454895,0.8085505366325378,0.20850044352204744,0.2088153320346939,66.0,6.973479571570351e-10,1.6108737810327511e-07,True,magrabi_fl_finetuned,magrabi_fl_finetuned
drishti_fl_finetuned,magrabi_persite,0.6759139950178108,0.7113934724914784,0.7053263783454895,0.7299122214317322,0.20850044352204744,0.17425351410522785,370.0,0.015135308663623448,1.0,False,magrabi_persite,None
drishti_fl_finetuned,messidor_fl_finetuned,0.6759139950178108,0.7279775081848612,0.7053263783454895,0.8040348291397095,0.20850044352204744,0.21693971552604288,160.0,1.5036543068447372e-06,0.0003473441448811343,True,messidor_fl_finetuned,messidor_fl_finetuned
drishti_fl_finetuned,messidor_persite,0.6759139950178108,0.7262235116593692,0.7053263783454895,0.7712478041648865,0.20850044352204744,0.19268325329503172,228.0,6.80984976852983e-05,0.015730752965303907,True,messidor_persite,messidor_persite
drishti_fl_finetuned,origa_fl_finetuned,0.6759139950178108,0.686150597674506,0.7053263783454895,0.7749252915382385,0.20850044352204744,0.23877832260549428,481.0,0.19434695290547666,1.0,False,origa_fl_finetuned,None
drishti_fl_finetuned,origa_persite,0.6759139950178108,0.691372738656949,0.7053263783454895,0.7608796954154968,0.20850044352204744,0.22495073095609666,405.0,0.03871301521026638,1.0,False,origa_persite,None
drishti_fl_finetuned,pipeline1,0.6759139950178108,0.7224163505799917,0.7053263783454895,0.8046557903289795,0.20850044352204744,0.22178384484988112,112.0,4.823010968380004e-08,1.1141155336957809e-05,True,pipeline1,pipeline1
drishti_fl_finetuned,pipeline2,0.6759139950178108,0.7294930952544115,0.7053263783454895,0.7840564250946045,0.20850044352204744,0.20923927311763302,134.0,2.568621546572558e-07,5.933515772582609e-05,True,pipeline2,pipeline2
drishti_fl_finetuned,pipeline3,0.6759139950178108,0.7375614644617451,0.7053263783454895,0.808386504650116,0.20850044352204744,0.21162325043132557,79.0,2.6237607642087823e-09,6.060887365322287e-07,True,pipeline3,pipeline3
drishti_fl_finetuned,refuge_fl_finetuned,0.6759139950178108,0.7381302499953581,0.7053263783454895,0.806053638458252,0.20850044352204744,0.20429423697384666,134.0,2.568621546572558e-07,5.933515772582609e-05,True,refuge_fl_finetuned,refuge_fl_finetuned
drishti_fl_finetuned,refuge_persite,0.6759139950178108,0.7227272132829744,0.7053263783454895,0.7787206172943115,0.20850044352204744,0.20426151984410845,242.0,0.00013283084820514546,0.0306839259353886,True,refuge_persite,refuge_persite
drishti_fl_finetuned,rimone_fl_finetuned,0.6759139950178108,0.8232712931170756,0.7053263783454895,0.8858442902565002,0.20850044352204744,0.17450173144765577,85.0,4.653500695894763e-09,1.0749586607516903e-06,True,rimone_fl_finetuned,rimone_fl_finetuned
drishti_fl_finetuned,rimone_persite,0.6759139950178108,0.8150403846283348,0.7053263783454895,0.8755049109458923,0.20850044352204744,0.18147869870678876,116.0,6.627983495377521e-08,1.5310641874322073e-05,True,rimone_persite,rimone_persite
drishti_persite,g1020_fl_finetuned,0.5460703746244615,0.7463570632496659,0.6152306199073792,0.8346475958824158,0.27171158872631307,0.23671737952258146,126.0,1.427514924046136e-07,3.297559474546574e-05,True,g1020_fl_finetuned,g1020_fl_finetuned
drishti_persite,g1020_persite,0.5460703746244615,0.7177636702449954,0.6152306199073792,0.753262996673584,0.27171158872631307,0.19148152649027186,170.0,2.818216941591345e-06,0.0006510081135076007,True,g1020_persite,g1020_persite
drishti_persite,magrabi_fl_finetuned,0.5460703746244615,0.7391720662007526,0.6152306199073792,0.8085505366325378,0.27171158872631307,0.2088153320346939,15.0,4.867217739956686e-13,1.1243272979299945e-10,True,magrabi_fl_finetuned,magrabi_fl_finetuned
drishti_persite,magrabi_persite,0.5460703746244615,0.7113934724914784,0.6152306199073792,0.7299122214317322,0.27171158872631307,0.17425351410522785,181.0,5.461179338084321e-06,0.0012615324270974781,True,magrabi_persite,magrabi_persite
drishti_persite,messidor_fl_finetuned,0.5460703746244615,0.7279775081848612,0.6152306199073792,0.8040348291397095,0.27171158872631307,0.21693971552604288,46.0,6.80735467994964e-11,1.5724989310683668e-08,True,messidor_fl_finetuned,messidor_fl_finetuned
drishti_persite,messidor_persite,0.5460703746244615,0.7262235116593692,0.6152306199073792,0.7712478041648865,0.27171158872631307,0.19268325329503172,109.0,3.7832698751572025e-08,8.739353411613138e-06,True,messidor_persite,messidor_persite
drishti_persite,origa_fl_finetuned,0.5460703746244615,0.686150597674506,0.6152306199073792,0.7749252915382385,0.27171158872631307,0.23877832260549428,25.0,3.211653165635653e-12,7.418918812618358e-10,True,origa_fl_finetuned,origa_fl_finetuned
drishti_persite,origa_persite,0.5460703746244615,0.691372738656949,0.6152306199073792,0.7608796954154968,0.27171158872631307,0.22495073095609666,53.0,1.6119017232085753e-10,3.723492980611809e-08,True,origa_persite,origa_persite
drishti_persite,pipeline1,0.5460703746244615,0.7224163505799917,0.6152306199073792,0.8046557903289795,0.27171158872631307,0.22178384484988112,17.0,7.354117315117037e-13,1.6988010997920355e-10,True,pipeline1,pipeline1
drishti_persite,pipeline2,0.5460703746244615,0.7294930952544115,0.6152306199073792,0.7840564250946045,0.27171158872631307,0.20923927311763302,39.0,2.6943780540023e-11,6.224013304745313e-09,True,pipeline2,pipeline2
drishti_persite,pipeline3,0.5460703746244615,0.7375614644617451,0.6152306199073792,0.808386504650116,0.27171158872631307,0.21162325043132557,21.0,1.588063014423824e-12,3.668425563319033e-10,True,pipeline3,pipeline3
drishti_persite,refuge_fl_finetuned,0.5460703746244615,0.7381302499953581,0.6152306199073792,0.806053638458252,0.27171158872631307,0.20429423697384666,32.0,9.823253321883385e-12,2.269171517355062e-09,True,refuge_fl_finetuned,refuge_fl_finetuned
drishti_persite,refuge_persite,0.5460703746244615,0.7227272132829744,0.6152306199073792,0.7787206172943115,0.27171158872631307,0.20426151984410845,64.0,5.622524668069673e-10,1.2988031983240944e-07,True,refuge_persite,refuge_persite
drishti_persite,rimone_fl_finetuned,0.5460703746244615,0.8232712931170756,0.6152306199073792,0.8858442902565002,0.27171158872631307,0.17450173144765577,21.0,1.588063014423824e-12,3.668425563319033e-10,True,rimone_fl_finetuned,rimone_fl_finetuned
drishti_persite,rimone_persite,0.5460703746244615,0.8150403846283348,0.6152306199073792,0.8755049109458923,0.27171158872631307,0.18147869870678876,43.0,4.616040882865491e-11,1.0663054439419284e-08,True,rimone_persite,rimone_persite
g1020_fl_finetuned,g1020_persite,0.7463570632496659,0.7177636702449954,0.8346475958824158,0.753262996673584,0.23671737952258146,0.19148152649027186,217.0,0.0001417021117137868,0.03273318780588475,True,g1020_fl_finetuned,g1020_fl_finetuned
g1020_fl_finetuned,magrabi_fl_finetuned,0.7463570632496659,0.7391720662007526,0.8346475958824158,0.8085505366325378,0.23671737952258146,0.2088153320346939,426.0,0.06393159588020936,1.0,False,g1020_fl_finetuned,None
g1020_fl_finetuned,magrabi_persite,0.7463570632496659,0.7113934724914784,0.8346475958824158,0.7299122214317322,0.23671737952258146,0.17425351410522785,203.0,1.884411240382633e-05,0.004352989965283882,True,g1020_fl_finetuned,g1020_fl_finetuned
g1020_fl_finetuned,messidor_fl_finetuned,0.7463570632496659,0.7279775081848612,0.8346475958824158,0.8040348291397095,0.23671737952258146,0.21693971552604288,394.0,0.029231753203390554,1.0,False,g1020_fl_finetuned,None
g1020_fl_finetuned,messidor_persite,0.7463570632496659,0.7262235116593692,0.8346475958824158,0.7712478041648865,0.23671737952258146,0.19268325329503172,312.0,0.0023352991113441135,0.5394540947204902,False,g1020_fl_finetuned,None
g1020_fl_finetuned,origa_fl_finetuned,0.7463570632496659,0.686150597674506,0.8346475958824158,0.7749252915382385,0.23671737952258146,0.23877832260549428,288.0,0.000948836474645276,0.21918122564305875,False,g1020_fl_finetuned,None
g1020_fl_finetuned,origa_persite,0.7463570632496659,0.691372738656949,0.8346475958824158,0.7608796954154968,0.23671737952258146,0.22495073095609666,261.0,0.00031164438825115326,0.0719898536860164,False,g1020_fl_finetuned,None
g1020_fl_finetuned,pipeline1,0.7463570632496659,0.7224163505799917,0.8346475958824158,0.8046557903289795,0.23671737952258146,0.22178384484988112,374.0,0.01696513917495679,1.0,False,g1020_fl_finetuned,None
g1020_fl_finetuned,pipeline2,0.7463570632496659,0.7294930952544115,0.8346475958824158,0.7840564250946045,0.23671737952258146,0.20923927311763302,369.0,0.014705407452176189,1.0,False,g1020_fl_finetuned,None
g1020_fl_finetuned,pipeline3,0.7463570632496659,0.7375614644617451,0.8346475958824158,0.808386504650116,0.23671737952258146,0.21162325043132557,429.0,0.06843341878591858,1.0,False,g1020_fl_finetuned,None
g1020_fl_finetuned,refuge_fl_finetuned,0.7463570632496659,0.7381302499953581,0.8346475958824158,0.806053638458252,0.23671737952258146,0.20429423697384666,355.0,0.00970598363425168,1.0,False,g1020_fl_finetuned,None
g1020_fl_finetuned,refuge_persite,0.7463570632496659,0.7227272132829744,0.8346475958824158,0.7787206172943115,0.23671737952258146,0.20426151984410845,284.0,0.0008101370660789087,0.1871416622642279,False,g1020_fl_finetuned,None
g1020_fl_finetuned,rimone_fl_finetuned,0.7463570632496659,0.8232712931170756,0.8346475958824158,0.8858442902565002,0.23671737952258146,0.17450173144765577,143.0,4.847595178603115e-07,0.00011197944862573195,True,rimone_fl_finetuned,rimone_fl_finetuned
g1020_fl_finetuned,rimone_persite,0.7463570632496659,0.8150403846283348,0.8346475958824158,0.8755049109458923,0.23671737952258146,0.18147869870678876,184.0,6.507840275560284e-06,0.0015033111036544256,True,rimone_persite,rimone_persite
g1020_persite,magrabi_fl_finetuned,0.7177636702449954,0.7391720662007526,0.753262996673584,0.8085505366325378,0.19148152649027186,0.2088153320346939,576.0,0.7226130778336142,1.0,False,magrabi_fl_finetuned,None
g1020_persite,magrabi_persite,0.7177636702449954,0.7113934724914784,0.753262996673584,0.7299122214317322,0.19148152649027186,0.17425351410522785,478.0,0.1842216832212209,1.0,False,g1020_persite,None
g1020_persite,messidor_fl_finetuned,0.7177636702449954,0.7279775081848612,0.753262996673584,0.8040348291397095,0.19148152649027186,0.21693971552604288,596.0,0.8746808814376585,1.0,False,messidor_fl_finetuned,None
g1020_persite,messidor_persite,0.7177636702449954,0.7262235116593692,0.753262996673584,0.7712478041648865,0.19148152649027186,0.19268325329503172,571.0,0.6859806141445262,1.0,False,messidor_persite,None
g1020_persite,origa_fl_finetuned,0.7177636702449954,0.686150597674506,0.753262996673584,0.7749252915382385,0.19148152649027186,0.23877832260549428,423.0,0.05967270608502062,1.0,False,g1020_persite,None
g1020_persite,origa_persite,0.7177636702449954,0.691372738656949,0.753262996673584,0.7608796954154968,0.19148152649027186,0.22495073095609666,433.0,0.07482972546587519,1.0,False,g1020_persite,None
g1020_persite,pipeline1,0.7177636702449954,0.7224163505799917,0.753262996673584,0.8046557903289795,0.19148152649027186,0.22178384484988112,554.0,0.5671576100562277,1.0,False,pipeline1,None
g1020_persite,pipeline2,0.7177636702449954,0.7294930952544115,0.753262996673584,0.7840564250946045,0.19148152649027186,0.20923927311763302,611.0,0.9921357867180092,1.0,False,pipeline2,None
g1020_persite,pipeline3,0.7177636702449954,0.7375614644617451,0.753262996673584,0.808386504650116,0.19148152649027186,0.21162325043132557,576.0,0.7226130778336142,1.0,False,pipeline3,None
g1020_persite,refuge_fl_finetuned,0.7177636702449954,0.7381302499953581,0.753262996673584,0.806053638458252,0.19148152649027186,0.20429423697384666,572.0,0.6932526045224776,1.0,False,refuge_fl_finetuned,None
g1020_persite,refuge_persite,0.7177636702449954,0.7227272132829744,0.753262996673584,0.7787206172943115,0.19148152649027186,0.20426151984410845,555.0,0.5738726182987293,1.0,False,refuge_persite,None
g1020_persite,rimone_fl_finetuned,0.7177636702449954,0.8232712931170756,0.753262996673584,0.8858442902565002,0.19148152649027186,0.17450173144765577,88.0,6.147381270693586e-09,1.4200450735302184e-06,True,rimone_fl_finetuned,rimone_fl_finetuned
g1020_persite,rimone_persite,0.7177636702449954,0.8150403846283348,0.753262996673584,0.8755049109458923,0.19148152649027186,0.18147869870678876,114.0,5.658559842913746e-08,1.3071273237130754e-05,True,rimone_persite,rimone_persite
magrabi_fl_finetuned,magrabi_persite,0.7391720662007526,0.7113934724914784,0.8085505366325378,0.7299122214317322,0.2088153320346939,0.17425351410522785,471.0,0.16209711793797155,1.0,False,magrabi_fl_finetuned,None
magrabi_fl_finetuned,messidor_fl_finetuned,0.7391720662007526,0.7279775081848612,0.8085505366325378,0.8040348291397095,0.2088153320346939,0.21693971552604288,461.0,0.1339921677273459,1.0,False,magrabi_fl_finetuned,None
magrabi_fl_finetuned,messidor_persite,0.7391720662007526,0.7262235116593692,0.8085505366325378,0.7712478041648865,0.2088153320346939,0.19268325329503172,568.0,0.664337596669931,1.0,False,magrabi_fl_finetuned,None
magrabi_fl_finetuned,origa_fl_finetuned,0.7391720662007526,0.686150597674506,0.8085505366325378,0.7749252915382385,0.2088153320346939,0.23877832260549428,65.0,6.264251339871407e-10,1.447042059510295e-07,True,magrabi_fl_finetuned,magrabi_fl_finetuned
magrabi_fl_finetuned,origa_persite,0.7391720662007526,0.691372738656949,0.8085505366325378,0.7608796954154968,0.2088153320346939,0.22495073095609666,36.0,1.7685408693068894e-11,4.0853294080989144e-09,True,magrabi_fl_finetuned,magrabi_fl_finetuned
magrabi_fl_finetuned,pipeline1,0.7391720662007526,0.7224163505799917,0.8085505366325378,0.8046557903289795,0.2088153320346939,0.22178384484988112,242.0,0.00013283084820514546,0.0306839259353886,True,magrabi_fl_finetuned,magrabi_fl_finetuned
magrabi_fl_finetuned,pipeline2,0.7391720662007526,0.7294930952544115,0.8085505366325378,0.7840564250946045,0.2088153320346939,0.20923927311763302,391.0,0.027015591145140405,1.0,False,magrabi_fl_finetuned,None
magrabi_fl_finetuned,pipeline3,0.7391720662007526,0.7375614644617451,0.8085505366325378,0.808386504650116,0.2088153320346939,0.21162325043132557,587.0,0.8053281892871524,1.0,False,magrabi_fl_finetuned,None
magrabi_fl_finetuned,refuge_fl_finetuned,0.7391720662007526,0.7381302499953581,0.8085505366325378,0.806053638458252,0.2088153320346939,0.20429423697384666,575.0,0.7152332893061519,1.0,False,magrabi_fl_finetuned,None
magrabi_fl_finetuned,refuge_persite,0.7391720662007526,0.7227272132829744,0.8085505366325378,0.7787206172943115,0.2088153320346939,0.20426151984410845,428.0,0.0669052489914499,1.0,False,magrabi_fl_finetuned,None
magrabi_fl_finetuned,rimone_fl_finetuned,0.7391720662007526,0.8232712931170756,0.8085505366325378,0.8858442902565002,0.2088153320346939,0.17450173144765577,172.0,3.1855434379224334e-06,0.0007358605341600821,True,rimone_fl_finetuned,rimone_fl_finetuned
magrabi_fl_finetuned,rimone_persite,0.7391720662007526,0.8150403846283348,0.8085505366325378,0.8755049109458923,0.2088153320346939,0.18147869870678876,221.0,4.810921605624685e-05,0.011113228908993023,True,rimone_persite,rimone_persite
magrabi_persite,messidor_fl_finetuned,0.7113934724914784,0.7279775081848612,0.7299122214317322,0.8040348291397095,0.17425351410522785,0.21693971552604288,518.0,0.3529225223167778,1.0,False,messidor_fl_finetuned,None
magrabi_persite,messidor_persite,0.7113934724914784,0.7262235116593692,0.7299122214317322,0.7712478041648865,0.17425351410522785,0.19268325329503172,452.0,0.1120089871408716,1.0,False,messidor_persite,None
magrabi_persite,origa_fl_finetuned,0.7113934724914784,0.686150597674506,0.7299122214317322,0.7749252915382385,0.17425351410522785,0.23877832260549428,411.0,0.04488403722822909,1.0,False,magrabi_persite,None
magrabi_persite,origa_persite,0.7113934724914784,0.691372738656949,0.7299122214317322,0.7608796954154968,0.17425351410522785,0.22495073095609666,465.0,0.14475396353790515,1.0,False,magrabi_persite,None
magrabi_persite,pipeline1,0.7113934724914784,0.7224163505799917,0.7299122214317322,0.8046557903289795,0.17425351410522785,0.22178384484988112,587.0,0.8053281892871524,1.0,False,pipeline1,None
magrabi_persite,pipeline2,0.7113934724914784,0.7294930952544115,0.7299122214317322,0.7840564250946045,0.17425351410522785,0.20923927311763302,494.0,0.24285068376930496,1.0,False,pipeline2,None
magrabi_persite,pipeline3,0.7113934724914784,0.7375614644617451,0.7299122214317322,0.808386504650116,0.17425351410522785,0.21162325043132557,463.0,0.13929456881251312,1.0,False,pipeline3,None
magrabi_persite,refuge_fl_finetuned,0.7113934724914784,0.7381302499953581,0.7299122214317322,0.806053638458252,0.17425351410522785,0.20429423697384666,450.0,0.10752609014286207,1.0,False,refuge_fl_finetuned,None
magrabi_persite,refuge_persite,0.7113934724914784,0.7227272132829744,0.7299122214317322,0.7787206172943115,0.17425351410522785,0.20426151984410845,544.0,0.5021216997272653,1.0,False,refuge_persite,None
magrabi_persite,rimone_fl_finetuned,0.7113934724914784,0.8232712931170756,0.7299122214317322,0.8858442902565002,0.17425351410522785,0.17450173144765577,136.0,2.964750436262875e-07,6.848573507767242e-05,True,rimone_fl_finetuned,rimone_fl_finetuned
magrabi_persite,rimone_persite,0.7113934724914784,0.8150403846283348,0.7299122214317322,0.8755049109458923,0.17425351410522785,0.18147869870678876,122.0,1.0550718698709716e-07,2.4372160194019443e-05,True,rimone_persite,rimone_persite
messidor_fl_finetuned,messidor_persite,0.7279775081848612,0.7262235116593692,0.8040348291397095,0.7712478041648865,0.21693971552604288,0.19268325329503172,597.0,0.8824555767097273,1.0,False,messidor_fl_finetuned,None
messidor_fl_finetuned,origa_fl_finetuned,0.7279775081848612,0.686150597674506,0.8040348291397095,0.7749252915382385,0.21693971552604288,0.23877832260549428,172.0,3.1855434379224334e-06,0.0007358605341600821,True,messidor_fl_finetuned,messidor_fl_finetuned
messidor_fl_finetuned,origa_persite,0.7279775081848612,0.691372738656949,0.8040348291397095,0.7608796954154968,0.21693971552604288,0.22495073095609666,148.0,6.822769940129092e-07,0.00015760598561698203,True,messidor_fl_finetuned,messidor_fl_finetuned
messidor_fl_finetuned,pipeline1,0.7279775081848612,0.7224163505799917,0.8040348291397095,0.8046557903289795,0.21693971552604288,0.22178384484988112,417.0,0.051847060201104966,1.0,False,messidor_fl_finetuned,None
messidor_fl_finetuned,pipeline2,0.7279775081848612,0.7294930952544115,0.8040348291397095,0.7840564250946045,0.21693971552604288,0.20923927311763302,608.0,0.9685506468532239,1.0,False,pipeline2,None
messidor_fl_finetuned,pipeline3,0.7279775081848612,0.7375614644617451,0.8040348291397095,0.808386504650116,0.21693971552604288,0.21162325043132557,418.0,0.053089493282996614,1.0,False,pipeline3,None
messidor_fl_finetuned,refuge_fl_finetuned,0.7279775081848612,0.7381302499953581,0.8040348291397095,0.806053638458252,0.21693971552604288,0.20429423697384666,514.0,0.3327014806389812,1.0,False,refuge_fl_finetuned,None
messidor_fl_finetuned,refuge_persite,0.7279775081848612,0.7227272132829744,0.8040348291397095,0.7787206172943115,0.21693971552604288,0.20426151984410845,544.0,0.5021216997272653,1.0,False,messidor_fl_finetuned,None
messidor_fl_finetuned,rimone_fl_finetuned,0.7279775081848612,0.8232712931170756,0.8040348291397095,0.8858442902565002,0.21693971552604288,0.17450173144765577,143.0,4.847595178603115e-07,0.00011197944862573195,True,rimone_fl_finetuned,rimone_fl_finetuned
messidor_fl_finetuned,rimone_persite,0.7279775081848612,0.8150403846283348,0.8040348291397095,0.8755049109458923,0.21693971552604288,0.18147869870678876,198.0,1.435470093724689e-05,0.0033159359165040314,True,rimone_persite,rimone_persite
messidor_persite,origa_fl_finetuned,0.7262235116593692,0.686150597674506,0.7712478041648865,0.7749252915382385,0.19268325329503172,0.23877832260549428,289.0,0.0009867154340028605,0.2279312652546608,False,messidor_persite,None
messidor_persite,origa_persite,0.7262235116593692,0.691372738656949,0.7712478041648865,0.7608796954154968,0.19268325329503172,0.22495073095609666,286.0,0.0008770038804826186,0.2025878963914849,False,messidor_persite,None
messidor_persite,pipeline1,0.7262235116593692,0.7224163505799917,0.7712478041648865,0.8046557903289795,0.19268325329503172,0.22178384484988112,471.0,0.16209711793797155,1.0,False,messidor_persite,None
messidor_persite,pipeline2,0.7262235116593692,0.7294930952544115,0.7712478041648865,0.7840564250946045,0.19268325329503172,0.20923927311763302,561.0,0.6149181670740234,1.0,False,pipeline2,None
messidor_persite,pipeline3,0.7262235116593692,0.7375614644617451,0.7712478041648865,0.808386504650116,0.19268325329503172,0.21162325043132557,570.0,0.6787370632633305,1.0,False,pipeline3,None
messidor_persite,refuge_fl_finetuned,0.7262235116593692,0.7381302499953581,0.7712478041648865,0.806053638458252,0.19268325329503172,0.20429423697384666,554.0,0.5671576100562277,1.0,False,refuge_fl_finetuned,None
messidor_persite,refuge_persite,0.7262235116593692,0.7227272132829744,0.7712478041648865,0.7787206172943115,0.19268325329503172,0.20426151984410845,531.0,0.42375505603421004,1.0,False,messidor_persite,None
messidor_persite,rimone_fl_finetuned,0.7262235116593692,0.8232712931170756,0.7712478041648865,0.8858442902565002,0.19268325329503172,0.17450173144765577,133.0,2.389665318958123e-07,5.520126886793264e-05,True,rimone_fl_finetuned,rimone_fl_finetuned
messidor_persite,rimone_persite,0.7262235116593692,0.8150403846283348,0.7712478041648865,0.8755049109458923,0.19268325329503172,0.18147869870678876,154.0,1.0181070422277116e-06,0.0002351827267546014,True,rimone_persite,rimone_persite
origa_fl_finetuned,origa_persite,0.686150597674506,0.691372738656949,0.7749252915382385,0.7608796954154968,0.23877832260549428,0.22495073095609666,493.0,0.23884737889513374,1.0,False,origa_persite,None
origa_fl_finetuned,pipeline1,0.686150597674506,0.7224163505799917,0.7749252915382385,0.8046557903289795,0.23877832260549428,0.22178384484988112,107.0,3.210921661889188e-08,7.417229038964024e-06,True,pipeline1,pipeline1
origa_fl_finetuned,pipeline2,0.686150597674506,0.7294930952544115,0.7749252915382385,0.7840564250946045,0.23877832260549428,0.20923927311763302,173.0,3.385505255693033e-06,0.0007820517140650907,True,pipeline2,pipeline2
origa_fl_finetuned,pipeline3,0.686150597674506,0.7375614644617451,0.7749252915382385,0.808386504650116,0.23877832260549428,0.21162325043132557,73.0,1.4451657648351102e-09,3.3383329167691045e-07,True,pipeline3,pipeline3
origa_fl_finetuned,refuge_fl_finetuned,0.686150597674506,0.7381302499953581,0.7749252915382385,0.806053638458252,0.23877832260549428,0.20429423697384666,204.0,1.9885533330210592e-05,0.004593558199278647,True,refuge_fl_finetuned,refuge_fl_finetuned
origa_fl_finetuned,refuge_persite,0.686150597674506,0.7227272132829744,0.7749252915382385,0.7787206172943115,0.23877832260549428,0.20426151984410845,330.0,0.00436128202619912,1.0,False,refuge_persite,None
origa_fl_finetuned,rimone_fl_finetuned,0.686150597674506,0.8232712931170756,0.7749252915382385,0.8858442902565002,0.23877832260549428,0.17450173144765577,113.0,5.225188459689889e-08,1.2070185341883644e-05,True,rimone_fl_finetuned,rimone_fl_finetuned
origa_fl_finetuned,rimone_persite,0.686150597674506,0.8150403846283348,0.7749252915382385,0.8755049109458923,0.23877832260549428,0.18147869870678876,162.0,1.7085923182946772e-06,0.0003946848255260704,True,rimone_persite,rimone_persite
origa_persite,pipeline1,0.691372738656949,0.7224163505799917,0.7608796954154968,0.8046557903289795,0.22495073095609666,0.22178384484988112,119.0,8.377069704579299e-08,1.935103101757818e-05,True,pipeline1,pipeline1
origa_persite,pipeline2,0.691372738656949,0.7294930952544115,0.7608796954154968,0.7840564250946045,0.22495073095609666,0.20923927311763302,103.0,2.3005302551837303e-08,5.314224889474417e-06,True,pipeline2,pipeline2
origa_persite,pipeline3,0.691372738656949,0.7375614644617451,0.7608796954154968,0.808386504650116,0.22495073095609666,0.21162325043132557,42.0,4.04405398057861e-11,9.34176469513659e-09,True,pipeline3,pipeline3
origa_persite,refuge_fl_finetuned,0.691372738656949,0.7381302499953581,0.7608796954154968,0.806053638458252,0.22495073095609666,0.20429423697384666,185.0,6.896308352821734e-06,0.0015930472295018205,True,refuge_fl_finetuned,refuge_fl_finetuned
origa_persite,refuge_persite,0.691372738656949,0.7227272132829744,0.7608796954154968,0.7787206172943115,0.22495073095609666,0.20426151984410845,354.0,0.00941394555985653,1.0,False,refuge_persite,None
origa_persite,rimone_fl_finetuned,0.691372738656949,0.8232712931170756,0.7608796954154968,0.8858442902565002,0.22495073095609666,0.17450173144765577,85.0,4.653500695894763e-09,1.0749586607516903e-06,True,rimone_fl_finetuned,rimone_fl_finetuned
origa_persite,rimone_persite,0.691372738656949,0.8150403846283348,0.7608796954154968,0.8755049109458923,0.22495073095609666,0.18147869870678876,128.0,1.6568287009022242e-07,3.827274299084138e-05,True,rimone_persite,rimone_persite
pipeline1,pipeline2,0.7224163505799917,0.7294930952544115,0.8046557903289795,0.7840564250946045,0.22178384484988112,0.20923927311763302,411.0,0.04488403722822909,1.0,False,pipeline2,None
pipeline1,pipeline3,0.7224163505799917,0.7375614644617451,0.8046557903289795,0.808386504650116,0.22178384484988112,0.21162325043132557,254.0,0.00022921061609793014,0.05294765231862186,False,pipeline3,None
pipeline1,refuge_fl_finetuned,0.7224163505799917,0.7381302499953581,0.8046557903289795,0.806053638458252,0.22178384484988112,0.20429423697384666,457.0,0.1238487458462707,1.0,False,refuge_fl_finetuned,None
pipeline1,refuge_persite,0.7224163505799917,0.7227272132829744,0.8046557903289795,0.7787206172943115,0.22178384484988112,0.20426151984410845,592.0,0.8437079053249334,1.0,False,refuge_persite,None
pipeline1,rimone_fl_finetuned,0.7224163505799917,0.8232712931170756,0.8046557903289795,0.8858442902565002,0.22178384484988112,0.17450173144765577,155.0,1.0872382176785322e-06,0.00025115202828374095,True,rimone_fl_finetuned,rimone_fl_finetuned
pipeline1,rimone_persite,0.7224163505799917,0.8150403846283348,0.8046557903289795,0.8755049109458923,0.22178384484988112,0.18147869870678876,210.0,2.7341631113841913e-05,0.006315916787297482,True,rimone_persite,rimone_persite
pipeline2,pipeline3,0.7294930952544115,0.7375614644617451,0.7840564250946045,0.808386504650116,0.20923927311763302,0.21162325043132557,359.0,0.010954702296434249,1.0,False,pipeline3,None
pipeline2,refuge_fl_finetuned,0.7294930952544115,0.7381302499953581,0.7840564250946045,0.806053638458252,0.20923927311763302,0.20429423697384666,511.0,0.3180278927763851,1.0,False,refuge_fl_finetuned,None
pipeline2,refuge_persite,0.7294930952544115,0.7227272132829744,0.7840564250946045,0.7787206172943115,0.20923927311763302,0.20426151984410845,518.0,0.3529225223167778,1.0,False,pipeline2,None
pipeline2,rimone_fl_finetuned,0.7294930952544115,0.8232712931170756,0.7840564250946045,0.8858442902565002,0.20923927311763302,0.17450173144765577,119.0,8.377069704579299e-08,1.935103101757818e-05,True,rimone_fl_finetuned,rimone_fl_finetuned
pipeline2,rimone_persite,0.7294930952544115,0.8150403846283348,0.7840564250946045,0.8755049109458923,0.20923927311763302,0.18147869870678876,165.0,2.065364334669084e-06,0.00047709916130855845,True,rimone_persite,rimone_persite
pipeline3,refuge_fl_finetuned,0.7375614644617451,0.7381302499953581,0.808386504650116,0.806053638458252,0.21162325043132557,0.20429423697384666,568.0,0.664337596669931,1.0,False,refuge_fl_finetuned,None
pipeline3,refuge_persite,0.7375614644617451,0.7227272132829744,0.808386504650116,0.7787206172943115,0.21162325043132557,0.20426151984410845,415.0,0.049433735818887214,1.0,False,pipeline3,None
pipeline3,rimone_fl_finetuned,0.7375614644617451,0.8232712931170756,0.808386504650116,0.8858442902565002,0.21162325043132557,0.17450173144765577,145.0,5.562875458053895e-07,0.00012850242308104498,True,rimone_fl_finetuned,rimone_fl_finetuned
pipeline3,rimone_persite,0.7375614644617451,0.8150403846283348,0.808386504650116,0.8755049109458923,0.21162325043132557,0.18147869870678876,211.0,2.8811309039866728e-05,0.006655412388209214,True,rimone_persite,rimone_persite
refuge_fl_finetuned,refuge_persite,0.7381302499953581,0.7227272132829744,0.806053638458252,0.7787206172943115,0.20429423697384666,0.20426151984410845,356.0,0.010005901957622854,1.0,False,refuge_fl_finetuned,None
refuge_fl_finetuned,rimone_fl_finetuned,0.7381302499953581,0.8232712931170756,0.806053638458252,0.8858442902565002,0.20429423697384666,0.17450173144765577,123.0,1.1385409592890028e-07,2.6300296159575964e-05,True,rimone_fl_finetuned,rimone_fl_finetuned
refuge_fl_finetuned,rimone_persite,0.7381302499953581,0.8150403846283348,0.806053638458252,0.8755049109458923,0.20429423697384666,0.18147869870678876,159.0,1.4100183527432364e-06,0.0003257142394836876,True,rimone_persite,rimone_persite
refuge_persite,rimone_fl_finetuned,0.7227272132829744,0.8232712931170756,0.7787206172943115,0.8858442902565002,0.20426151984410845,0.17450173144765577,92.0,8.84062245631867e-09,2.0421837874096127e-06,True,rimone_fl_finetuned,rimone_fl_finetuned
refuge_persite,rimone_persite,0.7227272132829744,0.8150403846283348,0.7787206172943115,0.8755049109458923,0.20426151984410845,0.18147869870678876,128.0,1.6568287009022242e-07,3.827274299084138e-05,True,rimone_persite,rimone_persite
rimone_fl_finetuned,rimone_persite,0.8232712931170756,0.8150403846283348,0.8858442902565002,0.8755049109458923,0.17450173144765577,0.18147869870678876,523.0,0.3792472495957817,1.0,False,rimone_fl_finetuned,None
